{"cameraMode":{"drawMode":0,"name":"Shaded","section":"Shading Mode"},"sceneLighting":true,"audioPlay":false,"sceneViewState":{"m_AlwaysRefresh":false,"showFog":true,"showSkybox":true,"showFlares":true,"showImageEffects":true,"showParticleSystems":true,"showVisualEffectGraphs":true,"m_FxEnabled":true},"in2DMode":false,"pivot":{"x":47.7454719543457,"y":-18.66485595703125,"z":45.595462799072269},"rotation":{"x":0.43301504850387576,"y":-0.014870960265398026,"z":0.007144501898437738,"w":0.9012415409088135},"size":58.076175689697269,"orthographic":false}