{
    "name": "root",
    "gauges": {
        "44_Jumper.Policy.Entropy.mean": {
            "value": 0.8229771256446838,
            "min": 0.5688728094100952,
            "max": 1.348711371421814,
            "count": 8
        },
        "44_Jumper.Environment.EpisodeLength.mean": {
            "value": 33.57854406130268,
            "min": 23.28354430379747,
            "max": 112.3529411764706,
            "count": 8
        },
        "44_Jumper.Policy.ExtrinsicValueEstimate.mean": {
            "value": 0.2936024069786072,
            "min": -0.08618611842393875,
            "max": 0.7110943794250488,
            "count": 8
        },
        "44_Jumper.Environment.CumulativeReward.mean": {
            "value": 0.26127163032528034,
            "min": -0.002952525093345997,
            "max": 0.9777944149585163,
            "count": 8
        },
        "44_Jumper.Policy.ExtrinsicReward.mean": {
            "value": 0.26127163032528034,
            "min": -0.002952525093345997,
            "max": 0.9777944149585163,
            "count": 8
        },
        "44_Jumper.Losses.ValueLoss.mean": {
            "value": 0.019263653084635735,
            "min": 2.2854446797282435e-05,
            "max": 0.019263653084635735,
            "count": 8
        },
        "44_Jumper.Losses.PolicyLoss.mean": {
            "value": 0.2512497305870056,
            "min": 0.23800061643123627,
            "max": 0.25703561305999756,
            "count": 8
        },
        "44_Jumper.Policy.LearningRate.mean": {
            "value": 0.0002551986835896969,
            "min": 0.0002551986835896969,
            "max": 0.00029695092234760523,
            "count": 8
        },
        "44_Jumper.IsTraining.mean": {
            "value": 1.0,
            "min": 1.0,
            "max": 1.0,
            "count": 8
        }
    },
    "metadata": {
        "timer_format_version": "0.1.0",
        "start_time_seconds": "1647816719",
        "python_version": "3.8.0 (tags/v3.8.0:fa919fd, Oct 14 2019, 19:37:50) [MSC v.1916 64 bit (AMD64)]",
        "command_line_arguments": "C:\\Users\\maria\\AppData\\Local\\Programs\\Python\\Python38\\Scripts\\mlagents-learn Jumper.yaml --run-id=44 --force",
        "mlagents_version": "0.16.1",
        "mlagents_envs_version": "0.16.1",
        "communication_protocol_version": "1.0.0",
        "tensorflow_version": "2.8.0",
        "end_time_seconds": "1647816807"
    },
    "total": 87.9547641,
    "count": 1,
    "self": 0.001180800000000204,
    "children": {
        "run_training.setup": {
            "total": 0.012454299999999918,
            "count": 1,
            "self": 0.012454299999999918
        },
        "TrainerController.start_learning": {
            "total": 87.941129,
            "count": 1,
            "self": 5.154834700000023,
            "children": {
                "TrainerController._reset_env": {
                    "total": 7.1720324,
                    "count": 1,
                    "self": 7.1720324
                },
                "TrainerController.advance": {
                    "total": 75.28100739999998,
                    "count": 2897,
                    "self": 0.05797490000036021,
                    "children": {
                        "env_step": {
                            "total": 75.22303249999962,
                            "count": 2897,
                            "self": 70.96125649999956,
                            "children": {
                                "SubprocessEnvManager._take_step": {
                                    "total": 4.193800800000181,
                                    "count": 2897,
                                    "self": 0.19390100000012112,
                                    "children": {
                                        "NNPolicy.evaluate": {
                                            "total": 3.99989980000006,
                                            "count": 2284,
                                            "self": 3.99989980000006
                                        }
                                    }
                                },
                                "workers": {
                                    "total": 0.06797519999986612,
                                    "count": 2896,
                                    "self": 0.0,
                                    "children": {
                                        "worker_root": {
                                            "total": 77.15495079999987,
                                            "count": 2896,
                                            "is_parallel": true,
                                            "self": 38.82068639999953,
                                            "children": {
                                                "steps_from_proto": {
                                                    "total": 0.00747059999999955,
                                                    "count": 1,
                                                    "is_parallel": true,
                                                    "self": 0.002190200000000253,
                                                    "children": {
                                                        "_process_vector_observation": {
                                                            "total": 0.005280399999999297,
                                                            "count": 2,
                                                            "is_parallel": true,
                                                            "self": 0.005280399999999297
                                                        }
                                                    }
                                                },
                                                "UnityEnvironment.step": {
                                                    "total": 38.32679380000034,
                                                    "count": 2896,
                                                    "is_parallel": true,
                                                    "self": 1.0236493000002724,
                                                    "children": {
                                                        "UnityEnvironment._generate_step_input": {
                                                            "total": 1.2286601999998688,
                                                            "count": 2896,
                                                            "is_parallel": true,
                                                            "self": 1.2286601999998688
                                                        },
                                                        "communicator.exchange": {
                                                            "total": 33.665147500000344,
                                                            "count": 2896,
                                                            "is_parallel": true,
                                                            "self": 33.665147500000344
                                                        },
                                                        "steps_from_proto": {
                                                            "total": 2.409336799999858,
                                                            "count": 2896,
                                                            "is_parallel": true,
                                                            "self": 0.9716912999997209,
                                                            "children": {
                                                                "_process_vector_observation": {
                                                                    "total": 1.4376455000001371,
                                                                    "count": 5792,