{
    "name": "root",
    "metadata": {
        "timer_format_version": "0.1.0",
        "start_time_seconds": "1647627553",
        "python_version": "3.10.2 (tags/v3.10.2:a58ebcc, Jan 17 2022, 14:12:15) [MSC v.1929 64 bit (AMD64)]",
        "command_line_arguments": "C:\\Users\\chicc\\AppData\\Local\\Programs\\Python\\Python310\\Scripts\\mlagents-learn ppo/Jumper.yaml --run-id=run1 --force",
        "mlagents_version": "0.16.1",
        "mlagents_envs_version": "0.16.1",
        "communication_protocol_version": "1.0.0",
        "tensorflow_version": "2.8.0",
        "end_time_seconds": "1647627593"
    },
    "total": 39.765206700074486,
    "count": 1,
    "self": 0.0005856001516804099,
    "children": {
        "run_training.setup": {
            "total": 0.006033699959516525,
            "count": 1,
            "self": 0.006033699959516525
        },
        "TrainerController.start_learning": {
            "total": 39.75858739996329,
            "count": 1,
            "self": 1.0736731998622417,
            "children": {
                "TrainerController._reset_env": {
                    "total": 38.199213100015186,
                    "count": 1,
                    "self": 38.199213100015186
                },
                "TrainerController.advance": {
                    "total": 0.14441160019487143,
                    "count": 8,
                    "self": 9.260023944079876e-05,
                    "children": {
                        "env_step": {
                            "total": 0.14431899995543063,
                            "count": 8,
                            "self": 0.08136590023059398,
                            "children": {
                                "SubprocessEnvManager._take_step": {
                                    "total": 0.06288029975257814,
                                    "count": 8,
                                    "self": 0.000201899791136384,
                                    "children": {
                                        "NNPolicy.evaluate": {
                                            "total": 0.06267839996144176,
                                            "count": 7,
                                            "self": 0.06267839996144176
                                        }
                                    }
                                },
                                "workers": {
                                    "total": 7.27999722585082e-05,
                                    "count": 7,
                                    "self": 0.0,
                                    "children": {
                                        "worker_root": {
                                            "total": 1.0514849999453872,
                                            "count": 7,
                                            "is_parallel": true,
                                            "self": 1.021572299883701,
                                            "children": {
                                                "steps_from_proto": {
                                                    "total": 0.0004366000648587942,
                                                    "count": 1,
                                                    "is_parallel": true,
                                                    "self": 0.00020550016779452562,
                                                    "children": {
                                                        "_process_vector_observation": {
                                                            "total": 0.0002310998970642686,
                                                            "count": 2,
                                                            "is_parallel": true,
                                                            "self": 0.0002310998970642686
                                                        }
                                                    }
                                                },
                                                "UnityEnvironment.step": {
                                                    "total": 0.029476099996827543,
                                                    "count": 7,
                                                    "is_parallel": true,
                                                    "self": 0.0006942999316379428,
                                                    "children": {
                                                        "UnityEnvironment._generate_step_input": {
                                                            "total": 0.000716900103725493,
                                                            "count": 7,
                                                            "is_parallel": true,
                                                            "self": 0.000716900103725493
                                                        },
                                                        "communicator.exchange": {
                                                            "total": 0.025925699970684946,
                                                            "count": 7,
                                                            "is_parallel": true,
                                                            "self": 0.025925699970684946
                                                        },
                                                        "steps_from_proto": {
                                                            "total": 0.0021391999907791615,
                                                            "count": 7,
                                                            "is_parallel": true,
                                                            "self": 0.0010241997661069036,
                                                            "children": {
                                                                "_process_vector_observation": {
                                                                    "total": 0.001115000224672258,
                                                                    "count": 14,
                                                                    "is_parallel": true,
                                                                    "self": 0.001115000224672258
                                                                }
                                                            }
                                                        }
                                                    }
                                                }
                                            }
                                        }
                                    }
                                }
                            }
                        }
                    }
                },
                "trainer_threads": {
                    "total": 2.4699955247342587e-05,
                    "count": 1,
                    "self": 2.4699955247342587e-05,
                    "children": {
                        "thread_root": {
                            "total": 0.0,
                            "count": 0,
                            "is_parallel": true,
                            "self": 0.0,
                            "children": {
                                "trainer_advance": {
                                    "total": 0.1523316000821069,
                                    "count": 8,
                                    "is_parallel": true,
                                    "self": 0.0003754001809284091,
                                    "children": {
                                        "process_trajectory": {
                                            "total": 0.15195619990117848,
                                            "count": 8,