{"count":1,"self":142.51737599999998,"total":332.892184,"children":{"AgentSendState":{"count":211967,"self":3.1207632,"total":7.2666299999999993,"children":{"CollectObservations":{"count":508728,"self":1.0030550999999999,"total":1.0030550999999999,"children":null},"CollectDiscreteActionMasks":{"count":508728,"self":0.43022649999999996,"total":0.43022649999999996,"children":null},"AgentInfo.ToProto":{"count":508728,"self":1.3136051,"total":2.7125852999999998,"children":{"GenerateSensorData":{"count":508728,"self":1.3989802,"total":1.3989802,"children":null}}}}},"DecideAction":{"count":211967,"self":175.6740864,"total":175.6740817,"children":null},"AgentAct":{"count":211967,"self":7.4091711999999994,"total":7.4331017999999993,"children":{"AgentInfo.ToProto":{"count":2572,"self":0.0109632,"total":0.0239308,"children":{"GenerateSensorData":{"count":2572,"self":0.0129676,"total":0.0129676,"children":null}}}}}},"gauges":{"3DBall.CumulativeReward":{"count":2572,"max":100.099045,"min":0.100000165,"runningAverage":18.6029644,"value":100.099045,"weightedAverage":100.02861}},"metadata":{"timer_format_version":"0.1.0","start_time_seconds":"1647383839","unity_version":"2020.3.30f1","command_line_arguments":"C:\\Program Files\\Unity\\Hub\\Editor\\2020.3.30f1\\Editor\\Unity.exe -projectpath D:\/Unity progect\/reach a point -useHub -hubIPC -cloudEnvironment production -hubSessionId 0c909800-a47e-11ec-9ed4-095dc443bae4","communication_protocol_version":"1.0.0","com.unity.ml-agents_version":"1.0.8","scene_name":"3DBall","end_time_seconds":"1647384171"}}