{"count":1,"self":180.56133119999998,"total":208.56081509999999,"children":{"AgentSendState":{"count":15508,"self":0.5964495,"total":3.7502366,"children":{"CollectObservations":{"count":111708,"self":0.093247299999999991,"total":0.093247299999999991,"children":null},"CollectDiscreteActionMasks":{"count":111708,"self":0.0693283,"total":0.0693283,"children":null},"AgentInfo.ToProto":{"count":70596,"self":0.1934467,"total":2.9912115,"children":{"GenerateSensorData":{"count":70596,"self":0.38558339999999997,"total":2.7977648,"children":{"RayPerceptionSensor.Perceive":{"count":70596,"self":2.4121813999999997,"total":2.4121813999999997,"children":null}}}}}}},"DecideAction":{"count":15508,"self":23.001911999999997,"total":24.070224,"children":{"RayPerceptionSensor.Perceive":{"count":41112,"self":1.0683122999999999,"total":1.0683122999999999,"children":null}}},"AgentAct":{"count":15508,"self":0.1161961,"total":0.1161961,"children":null},"AgentInfo.ToProto":{"count":1097,"self":0.0089771,"total":0.062829299999999991,"children":{"GenerateSensorData":{"count":1097,"self":0.010969099999999999,"total":0.053852199999999996,"children":{"RayPerceptionSensor.Perceive":{"count":1097,"self":0.0428831,"total":0.0428831,"children":null}}}}}},"gauges":{"Jumper.CumulativeReward":{"count":1643,"max":0.9991,"min":-0.509901643,"runningAverage":0.1667588,"value":-0.2000028,"weightedAverage":-0.200002789}},"metadata":{"timer_format_version":"0.1.0","start_time_seconds":"1647805136","unity_version":"2020.3.30f1","command_line_arguments":"C:\\Program Files\\Unity\\Hub\\Editor\\2020.3.30f1\\Editor\\Unity.exe -projectpath D:\/Unity progect\/reach a point -useHub -hubIPC -cloudEnvironment production -hubSessionId dff17020-a843-11ec-8e99-6d4faf25a727","communication_protocol_version":"1.0.0","com.unity.ml-agents_version":"1.0.8","scene_name":"SampleScene","end_time_seconds":"1647805344"}}